label,symbol,granularity,win_rate,win_rate_std,n_folds,n_trades,meilleur_modele,profitable
Volatility 75 1min,R_75,60,0.6667,0.399,10,18,Ensemble4sur5,True
EUR/USD 1min,frxEURUSD,60,0.65,0.2021,10,20,Ensemble4sur5,True
Volatility 75 5min,R_75,300,0.625,0.336,10,32,Ensemble4sur5,True
Volatility 50 5min,R_50,300,0.5751,0.1494,10,193,XGBoost,True
Volatility 50 1min,R_50,60,0.5714,0.2943,10,28,RSI,True
EUR/USD 1h,frxEURUSD,3600,0.5363,0.0779,6,179,Momentum,False
BTC/USD 1min,cryBTCUSD,60,0.5269,0.0951,10,167,XGBoost,False
BTC/USD 5min,cryBTCUSD,300,0.513,0.1199,10,230,XGBoost,False
EUR/USD 5min,frxEURUSD,300,0.506,0.1219,10,168,XGBoost,False
