fold,n_trades,win_rate,up_rate,balanced_acc,n_up_reel,n_down_reel
1,6,0.6666666666666666,0.6666666666666666,0.5,4,2
2,8,0.625,0.75,0.4166666666666667,6,2
3,30,0.8666666666666667,0.8666666666666667,0.5,26,4
4,16,0.875,0.5625,0.8571428571428572,9,7
5,14,0.6428571428571429,0.6428571428571429,0.5,9,5
6,13,0.5384615384615384,0.5384615384615384,0.5,7,6
7,17,1.0,1.0,0.5,17,0
8,7,0.5714285714285714,0.5714285714285714,0.5,4,3
9,20,0.9,0.9,0.5,18,2
10,11,0.7272727272727273,0.7272727272727273,0.5,8,3
11,26,0.8461538461538461,0.8461538461538461,0.5,22,4
12,8,0.75,0.75,0.5,6,2
13,4,0.0,0.0,0.5,0,4
14,4,0.75,0.75,0.5,3,1
15,9,1.0,1.0,0.5,9,0
16,2,0.0,1.0,0.5,2,0
17,12,0.5,0.5,0.5,6,6
18,25,0.88,0.88,0.5,22,3
19,11,0.7272727272727273,0.7272727272727273,0.5,8,3
20,25,0.96,0.96,0.5,24,1
21,23,0.782608695652174,0.782608695652174,0.5,18,5
22,14,0.6428571428571429,0.6428571428571429,0.5,9,5
23,10,0.6,0.6,0.5,6,4
24,19,0.6842105263157895,0.6842105263157895,0.5,13,6
25,10,0.7,0.7,0.6904761904761905,7,3
