fold,n_trades,win_rate
1,11,0.6363636363636364
2,14,0.42857142857142855
3,11,0.2727272727272727
4,13,0.5384615384615384
5,11,0.36363636363636365
6,9,0.4444444444444444
7,15,0.8
8,13,0.38461538461538464
9,11,0.6363636363636364
10,12,0.4166666666666667
11,15,0.6666666666666666
12,7,0.42857142857142855
13,11,0.45454545454545453
14,12,0.4166666666666667
15,4,1.0
16,8,0.75
17,12,0.4166666666666667
18,10,0.6
19,9,0.6666666666666666
20,9,0.6666666666666666
21,14,0.35714285714285715
22,12,0.25
23,14,0.6428571428571429
24,10,0.5
25,2,0.5
26,13,0.5384615384615384
